parent_class,child_class,collection,parent_object,child_object,subcollection_name
System,Generator,Generators,System,Gen_1,""
System,Generator,Generators,System,Gen_2,""
System,Power2X,Power2X,System,Electrolyser,""
System,Node,Nodes,System,Transmission node,""
System,Gas Field,Gas Fields,System,Gas production,""
System,Gas Storage,Gas Storages,System,H2 Storage,""
System,Gas Demand,Gas Demands,System,H2 offtake,""
System,Gas Demand,Gas Demands,System,Hydrogen demand,""
System,Gas Contract,Gas Contracts,System,H2 Contract 1,""
System,Gas Contract,Gas Contracts,System,H2 Contract 2,""
System,Constraint,Constraints,System,Pipeline build,""
System,Data File,Data Files,System,demand,""
System,Data File,Data Files,System,demand_profile,""
System,Data File,Data Files,System,gas price,""
System,Data File,Data Files,System,power price,""
System,Data File,Data Files,System,solar_rf,""
System,Variable,Variables,System,Demand profile,""
System,Variable,Variables,System,Gas Demand,""
System,Scenario,Scenarios,System,Bidirectional pipeline,""
System,Scenario,Scenarios,System,Ignore,""
System,Scenario,Scenarios,System,P2G daily operation,""
System,Scenario,Scenarios,System,P2G hourly operation,""
System,Scenario,Scenarios,System,Targets,""
System,Model,Models,System,Base Fitted,""
System,Model,Models,System,Base Fitted Targets,""
System,Model,Models,System,Base Fitted Targets Y6b,""
System,Model,Models,System,Base Partial,""
System,Model,Models,System,Base Sampled,""
System,Project,Projects,System,Storage,""
System,Horizon,Horizons,System,2023,""
System,Horizon,Horizons,System,2030-2040,""
System,PASA,PASA,System,Regional,""
System,MT Schedule,MT Schedule,System,Regional,""
System,MT Schedule,MT Schedule,System,Regional daily demand,""
System,ST Schedule,ST Schedule,System,Regional,""
System,Transmission,Transmission,System,Defaults 9.2,""
System,Production,Production,System,Daily gas,""
System,Production,Production,System,Hourly gas,""
System,Performance,Performance,System,Gurobi,""
Generator,Node,Nodes,Gen_1,Transmission node,""
Generator,Node,Nodes,Gen_2,Transmission node,""
Power2X,Gas Node,Gas Nodes,Electrolyser,Hydrogen Distribution,""
Node,Region,Region,Transmission node,Region,""
Gas Field,Gas Node,Gas Node,Gas production,Gas feedstock node,""
Gas Plant,Gas Node,Input Node,eSMR,Gas feedstock node,""
Gas Plant,Gas Node,Output Node,eSMR,Hydrogen Distribution,""
Gas Plant,Gas Node,Output Node,SMR,H2 offtake,""
Gas Pipeline,Gas Node,Gas Node To,H2 pipeline,H2 offtake,""
Gas Pipeline,Gas Node,Gas Node To,H2 pipeline_reverse,Hydrogen Distribution,""
Gas Pipeline,Constraint,Constraints,H2 pipeline,Pipeline build,""
Gas Pipeline,Constraint,Constraints,H2 pipeline_reverse,Pipeline build,""
Gas Storage,Gas Node,Gas Nodes,H2 Storage,Hydrogen Distribution,""
Gas Demand,Gas Node,Gas Nodes,H2 offtake,H2 offtake,""
Gas Demand,Gas Node,Gas Nodes,Hydrogen demand,Hydrogen Distribution,""
Gas Contract,Gas Node,Gas Nodes,H2 Contract 1,Gas feedstock node,""
Gas Contract,Gas Node,Gas Nodes,H2 Contract 2,Gas feedstock node,""
Model,Horizon,Horizon,Base Fitted,2030-2040,""
Model,Horizon,Horizon,Base Fitted Targets,2030-2040,""
Model,Horizon,Horizon,Base Fitted Targets Y6b,1 year test MC,""
Model,Horizon,Horizon,Base Partial,2030-2040,""
Model,Horizon,Horizon,Base Sampled,2030-2040,""
Model,Report,Report,Base Fitted,Long Term,""
Model,Report,Report,Base Fitted Targets,Long Term,""
Model,Report,Report,Base Fitted Targets Y6b,Long Term,""
Model,Report,Report,Base Partial,Long Term,""
Model,Report,Report,Base Sampled,Long Term,""
Model,Transmission,Transmission,Base Fitted,Defaults 9.2,""
Model,Transmission,Transmission,Base Fitted Targets,Defaults 9.2,""
Model,Transmission,Transmission,Base Fitted Targets Y6b,Defaults 9.2,""
Model,Transmission,Transmission,Base Partial,Defaults 9.2,""
Model,Transmission,Transmission,Base Sampled,Defaults 9.2,""
Model,Production,Production,Base Fitted,Hourly gas,""
Model,Production,Production,Base Fitted Targets,Hourly gas,""
Model,Production,Production,Base Fitted Targets Y6b,Hourly gas,""
Model,Production,Production,Base Partial,Hourly gas,""
Model,Production,Production,Base Sampled,Hourly gas,""
Model,Performance,Performance,Base Fitted,Gurobi,""
Model,Performance,Performance,Base Fitted Targets,Gurobi,""
Model,Performance,Performance,Base Fitted Targets Y6b,Gurobi,""
Model,Performance,Performance,Base Partial,Gurobi,""
Model,Performance,Performance,Base Sampled,Gurobi,""
Project,Model,Models,Storage,Base Fitted,""
Project,Model,Models,Storage,Base Fitted Targets,""
Project,Model,Models,Storage,Base Fitted Targets Y6b,""
Project,Horizon,Horizon,Storage,2030-2040,""
System,ST Schedule,ST Schedule,System,Nodal,""
System,Diagnostic,Diagnostics,System,mip,""
Model,Report,Report,TEST 19,Long Term,""
Model,Report,Report,TEST 17,Long Term,""
Model,Transmission,Transmission,TEST 16,Defaults 9.2,""
System,Model,Models,System,TEST 16,""
Model,Horizon,Horizon,TEST 16,2030-2040,""
Model,Report,Report,TEST 16,Long Term,""
Model,Production,Production,TEST 23,Hourly gas,""
Model,Performance,Performance,TEST 23,Gurobi,""
Model,Horizon,Horizon,TEST 05,2030-2040,""
Model,Transmission,Transmission,TEST,Defaults 9.2,""
Model,Production,Production,TEST,Hourly gas,""
Model,Performance,Performance,TEST,Gurobi,""
Project,Model,Models,Storage,TEST,""
System,Model,Models,System,TEST 01,""
Model,Horizon,Horizon,TEST 01,2030-2040,""
Model,Report,Report,TEST 01,Long Term,""
Model,Transmission,Transmission,TEST 01,Defaults 9.2,""
System,Model,Models,System,TEST 03,""
Model,Horizon,Horizon,TEST 03,2030-2040,""
Model,Horizon,Horizon,TEST 17,2030-2040,""
Model,Performance,Performance,TEST 18,Gurobi,""
Model,Transmission,Transmission,TEST 20,Defaults 9.2,""
Model,Horizon,Horizon,TEST 22,2030-2040,""
Model,Report,Report,TEST 22,Long Term,""
Model,Transmission,Transmission,TEST 27,Defaults 9.2,""
Model,Production,Production,TEST 27,Hourly gas,""
Model,Performance,Performance,TEST 27,Gurobi,""
Project,Model,Models,Storage,TEST 27,""
System,Model,Models,System,TEST 28,""
Model,Horizon,Horizon,TEST 28,2030-2040,""
Model,Production,Production,TEST 03,Hourly gas,""
Model,Performance,Performance,TEST 03,Gurobi,""
Project,Model,Models,Storage,TEST 03,""
System,Model,Models,System,TEST 04,""
Model,Horizon,Horizon,TEST 04,2030-2040,""
Model,Report,Report,TEST 04,Long Term,""
Model,Transmission,Transmission,TEST 04,Defaults 9.2,""
Model,Production,Production,TEST 04,Hourly gas,""
Model,Performance,Performance,TEST 04,Gurobi,""
Project,Model,Models,Storage,TEST 04,""
Model,Production,Production,TEST 07,Hourly gas,""
Model,Performance,Performance,TEST 07,Gurobi,""
Project,Model,Models,Storage,TEST 07,""
System,Model,Models,System,TEST 08,""
Model,Horizon,Horizon,TEST 08,2030-2040,""
Model,Report,Report,TEST 08,Long Term,""
Project,Model,Models,Storage,TEST 16,""
System,Model,Models,System,TEST 17,""
System,Model,Models,System,TEST 19,""
Model,Horizon,Horizon,TEST 19,2030-2040,""
Model,Horizon,Horizon,TEST,2030-2040,""
Model,Report,Report,TEST,Long Term,""
Model,Report,Report,TEST 03,Long Term,""
Model,Horizon,Horizon,TEST 30,2030-2040,""
Model,Report,Report,TEST 30,Long Term,""
Project,Model,Models,Storage,TEST 09,""
System,Model,Models,System,TEST 10,""
Model,Horizon,Horizon,TEST 10,2030-2040,""
Project,Model,Models,Storage,TEST 25,""
System,Model,Models,System,TEST 26,""
Model,Horizon,Horizon,TEST 26,2030-2040,""
Model,Report,Report,TEST 26,Long Term,""
Model,Transmission,Transmission,TEST 26,Defaults 9.2,""
Model,Production,Production,TEST 26,Hourly gas,""
Model,Performance,Performance,TEST 26,Gurobi,""
Project,Model,Models,Storage,TEST 12,""
System,Model,Models,System,TEST 13,""
Model,Horizon,Horizon,TEST 13,2030-2040,""
Model,Report,Report,TEST 13,Long Term,""
Model,Transmission,Transmission,TEST 13,Defaults 9.2,""
Model,Production,Production,TEST 13,Hourly gas,""
Project,Model,Models,Storage,TEST 23,""
System,Model,Models,System,TEST 24,""
Model,Transmission,Transmission,TEST 24,Defaults 9.2,""
Model,Transmission,Transmission,TEST 19,Defaults 9.2,""
Model,Production,Production,TEST 19,Hourly gas,""
Model,Performance,Performance,TEST 19,Gurobi,""
Project,Model,Models,Storage,TEST 19,""
System,Model,Models,System,TEST 20,""
Model,Horizon,Horizon,TEST 20,2030-2040,""
Model,Report,Report,TEST 20,Long Term,""
Project,Model,Models,Storage,TEST 18,""
Model,Performance,Performance,TEST 32,Gurobi,""
System,Performance,Performance,System,MIP THRAD,""
System,Model,Models,System,TEST,""
Model,Production,Production,TEST 16,Hourly gas,""
Model,Performance,Performance,TEST 16,Gurobi,""
Model,Transmission,Transmission,TEST 22,Defaults 9.2,""
Model,Production,Production,TEST 22,Hourly gas,""
Model,Performance,Performance,TEST 22,Gurobi,""
Project,Model,Models,Storage,TEST 22,""
System,Model,Models,System,TEST 23,""
Model,Horizon,Horizon,TEST 23,2030-2040,""
Model,Report,Report,TEST 23,Long Term,""
Model,Transmission,Transmission,TEST 23,Defaults 9.2,""
Model,Report,Report,TEST 28,Long Term,""
Model,Transmission,Transmission,TEST 09,Defaults 9.2,""
Model,Production,Production,TEST 09,Hourly gas,""
Model,Performance,Performance,TEST 09,Gurobi,""
Project,Model,Models,Storage,TEST 02,""
Model,Production,Production,TEST 20,Hourly gas,""
System,Model,Models,System,TEST 25,""
Model,Horizon,Horizon,TEST 25,2030-2040,""
Model,Report,Report,TEST 25,Long Term,""
Model,Transmission,Transmission,TEST 25,Defaults 9.2,""
Model,Production,Production,TEST 25,Hourly gas,""
Model,Performance,Performance,TEST 25,Gurobi,""
Project,Model,Models,Storage,TEST 35,""
System,Performance,Performance,System,LP THREAD LIMIT,""
System,Model,Models,System,TEST 12,""
Model,Horizon,Horizon,TEST 12,2030-2040,""
Model,Report,Report,TEST 12,Long Term,""
System,Model,Models,System,TEST 35,""
Model,Horizon,Horizon,TEST 35,2030-2040,""
Model,Report,Report,TEST 35,Long Term,""
Model,Transmission,Transmission,TEST 35,Defaults 9.2,""
Model,Production,Production,TEST 35,Hourly gas,""
Model,Performance,Performance,TEST 35,Gurobi,""
Project,Model,Models,Storage,TEST 06,""
System,Model,Models,System,TEST 07,""
Model,Horizon,Horizon,TEST 07,2030-2040,""
Model,Report,Report,TEST 07,Long Term,""
Model,Transmission,Transmission,TEST 30,Defaults 9.2,""
Model,Production,Production,TEST 30,Hourly gas,""
Model,Performance,Performance,TEST 30,Gurobi,""
Project,Model,Models,Storage,TEST 30,""
Model,Report,Report,TEST 10,Long Term,""
Model,Transmission,Transmission,TEST 10,Defaults 9.2,""
Model,Production,Production,TEST 10,Hourly gas,""
Model,Performance,Performance,TEST 10,Gurobi,""
Project,Model,Models,Storage,TEST 10,""
System,Model,Models,System,TEST 11,""
Model,Horizon,Horizon,TEST 27,2030-2040,""
Model,Production,Production,TEST 01,Hourly gas,""
Model,Performance,Performance,TEST 01,Gurobi,""
Project,Model,Models,Storage,TEST 01,""
System,Model,Models,System,TEST 02,""
Model,Horizon,Horizon,TEST 02,2030-2040,""
Model,Report,Report,TEST 02,Long Term,""
Model,Transmission,Transmission,TEST 02,Defaults 9.2,""
Model,Production,Production,TEST 02,Hourly gas,""
Model,Performance,Performance,TEST 02,Gurobi,""
System,Model,Models,System,TEST 05,""
Model,Production,Production,TEST 12,Hourly gas,""
Model,Performance,Performance,TEST 12,Gurobi,""
Project,Model,Models,Storage,TEST 13,""
System,Model,Models,System,TEST 14,""
Model,Horizon,Horizon,TEST 14,2030-2040,""
Model,Report,Report,TEST 14,Long Term,""
System,Model,Models,System,TEST 31,""
Model,Horizon,Horizon,TEST 31,2030-2040,""
Model,Report,Report,TEST 31,Long Term,""
Model,Transmission,Transmission,TEST 31,Defaults 9.2,""
Model,Production,Production,TEST 31,Hourly gas,""
Model,Report,Report,TEST 05,Long Term,""
Model,Transmission,Transmission,TEST 05,Defaults 9.2,""
Model,Production,Production,TEST 05,Hourly gas,""
Model,Performance,Performance,TEST 05,Gurobi,""
Project,Model,Models,Storage,TEST 05,""
System,Model,Models,System,TEST 06,""
Model,Horizon,Horizon,TEST 06,2030-2040,""
Model,Report,Report,TEST 06,Long Term,""
Model,Transmission,Transmission,TEST 06,Defaults 9.2,""
Model,Production,Production,TEST 06,Hourly gas,""
Model,Performance,Performance,TEST 06,Gurobi,""
Model,Transmission,Transmission,TEST 14,Defaults 9.2,""
Model,Performance,Performance,TEST 34,Gurobi,""
Project,Model,Models,Storage,TEST 34,""
Model,Transmission,Transmission,TEST 07,Defaults 9.2,""
Model,Horizon,Horizon,TEST 11,2030-2040,""
Model,Report,Report,TEST 11,Long Term,""
Model,Transmission,Transmission,TEST 11,Defaults 9.2,""
Model,Production,Production,TEST 11,Hourly gas,""
Model,Performance,Performance,TEST 11,Gurobi,""
Project,Model,Models,Storage,TEST 11,""
Model,Transmission,Transmission,TEST 15,Defaults 9.2,""
Model,Production,Production,TEST 15,Hourly gas,""
Model,Performance,Performance,TEST 15,Gurobi,""
Project,Model,Models,Storage,TEST 15,""
Model,Performance,Performance,TEST 20,Gurobi,""
Project,Model,Models,Storage,TEST 20,""
System,Model,Models,System,TEST 21,""
Model,Horizon,Horizon,TEST 21,2030-2040,""
Model,Report,Report,TEST 21,Long Term,""
Model,Transmission,Transmission,TEST 21,Defaults 9.2,""
Model,Production,Production,TEST 21,Hourly gas,""
Model,Performance,Performance,TEST 21,Gurobi,""
Project,Model,Models,Storage,TEST 21,""
System,Model,Models,System,TEST 22,""
System,Model,Models,System,TEST 29,""
Model,Production,Production,TEST 24,Hourly gas,""
Model,Performance,Performance,TEST 24,Gurobi,""
Project,Model,Models,Storage,TEST 24,""
Model,Performance,Performance,TEST 31,Gurobi,""
Project,Model,Models,Storage,TEST 31,""
System,Model,Models,System,TEST 32,""
Model,Horizon,Horizon,TEST 32,2030-2040,""
Model,Report,Report,TEST 32,Long Term,""
Model,Horizon,Horizon,TEST 24,2030-2040,""
Model,Report,Report,TEST 24,Long Term,""
Model,Report,Report,TEST 27,Long Term,""
Model,Report,Report,TEST 29,Long Term,""
Model,Transmission,Transmission,TEST 29,Defaults 9.2,""
Model,Production,Production,TEST 29,Hourly gas,""
Model,Production,Production,TEST 14,Hourly gas,""
Model,Performance,Performance,TEST 14,Gurobi,""
Project,Model,Models,Storage,TEST 14,""
System,Model,Models,System,TEST 15,""
Model,Horizon,Horizon,TEST 15,2030-2040,""
Model,Report,Report,TEST 15,Long Term,""
Model,Transmission,Transmission,TEST 32,Defaults 9.2,""
Model,Production,Production,TEST 32,Hourly gas,""
Model,Transmission,Transmission,TEST 34,Defaults 9.2,""
Model,Production,Production,TEST 34,Hourly gas,""
Model,Transmission,Transmission,TEST 17,Defaults 9.2,""
Model,Production,Production,TEST 17,Hourly gas,""
Model,Performance,Performance,TEST 17,Gurobi,""
Project,Model,Models,Storage,TEST 17,""
System,Model,Models,System,TEST 18,""
Model,Horizon,Horizon,TEST 18,2030-2040,""
Model,Report,Report,TEST 18,Long Term,""
Model,Transmission,Transmission,TEST 18,Defaults 9.2,""
Model,Production,Production,TEST 18,Hourly gas,""
System,Model,Models,System,TEST 30,""
Model,Transmission,Transmission,TEST 28,Defaults 9.2,""
Model,Production,Production,TEST 28,Hourly gas,""
Model,Performance,Performance,TEST 28,Gurobi,""
Project,Model,Models,Storage,TEST 28,""
Model,Transmission,Transmission,TEST 08,Defaults 9.2,""
Model,Production,Production,TEST 08,Hourly gas,""
Model,Performance,Performance,TEST 08,Gurobi,""
Project,Model,Models,Storage,TEST 08,""
System,Model,Models,System,TEST 09,""
Model,Horizon,Horizon,TEST 09,2030-2040,""
Model,Report,Report,TEST 09,Long Term,""
Project,Model,Models,Storage,TEST 26,""
System,Model,Models,System,TEST 27,""
Model,Horizon,Horizon,TEST 29,2030-2040,""
Model,Transmission,Transmission,TEST 03,Defaults 9.2,""
Model,Transmission,Transmission,TEST 12,Defaults 9.2,""
Model,Performance,Performance,TEST 13,Gurobi,""
Model,Performance,Performance,TEST 29,Gurobi,""
Project,Model,Models,Storage,TEST 29,""
Project,Model,Models,Storage,TEST 32,""
System,Model,Models,System,TEST 33,""
Model,Horizon,Horizon,TEST 33,2030-2040,""
Model,Report,Report,TEST 33,Long Term,""
Model,Transmission,Transmission,TEST 33,Defaults 9.2,""
Model,Production,Production,TEST 33,Hourly gas,""
Model,Performance,Performance,TEST 33,Gurobi,""
Project,Model,Models,Storage,TEST 33,""
System,Model,Models,System,TEST 34,""
Model,Horizon,Horizon,TEST 34,2030-2040,""
Model,Report,Report,TEST 34,Long Term,""
Model,ST Schedule,ST Schedule,Base Fitted Targets Y6b,Nodal,""
System,Horizon,Horizons,System,1 year test MC,""
Model,Stochastic,Stochastic,Base Fitted Targets Y6b,Monte Carlo s=20,""
System,Region,Regions,System,Region,""
System,Gas Plant,Gas Plants,System,eSMR,""
System,Gas Plant,Gas Plants,System,SMR,""
System,Gas Pipeline,Gas Pipelines,System,H2 pipeline,""
System,Gas Pipeline,Gas Pipelines,System,H2 pipeline_reverse,""
System,Report,Reports,System,Long Term,""
System,Stochastic,Stochastic,System,Monte Carlo s=20,""
Power2X,Node,Nodes,Electrolyser,Transmission node,""
Gas Pipeline,Gas Node,Gas Node From,H2 pipeline,Hydrogen Distribution,""
Gas Pipeline,Gas Node,Gas Node From,H2 pipeline_reverse,H2 offtake,""
Model,Scenario,Scenarios,Base Fitted Targets,Targets,""
Model,Scenario,Scenarios,Base Fitted Targets Y6b,Targets,""
Project,Report,Report,Storage,Long Term,""
Model,MT Schedule,MT Schedule,Base Fitted Targets,Regional daily demand,""
Model,MT Schedule,MT Schedule,Base Fitted,Regional daily demand,""
Model,MT Schedule,MT Schedule,TEST 19,Regional daily demand,""
Model,Scenario,Scenarios,TEST 16,Targets,""
Model,Scenario,Scenarios,TEST 29,Targets,""
Model,Scenario,Scenarios,TEST 05,Targets,""
Model,MT Schedule,MT Schedule,TEST,Regional daily demand,""
Model,Scenario,Scenarios,TEST 01,Targets,""
Model,MT Schedule,MT Schedule,TEST 01,Regional daily demand,""
Model,Scenario,Scenarios,TEST 03,Targets,""
Model,MT Schedule,MT Schedule,TEST 20,Regional daily demand,""
Model,Scenario,Scenarios,TEST 22,Targets,""
Model,Scenario,Scenarios,TEST 28,Targets,""
Model,Scenario,Scenarios,TEST 04,Targets,""
Model,MT Schedule,MT Schedule,TEST 04,Regional daily demand,""
Model,Scenario,Scenarios,TEST 08,Targets,""
Model,MT Schedule,MT Schedule,TEST 08,Regional daily demand,""
Model,Scenario,Scenarios,TEST 17,Targets,""
Model,Scenario,Scenarios,TEST 19,Targets,""
Model,Scenario,Scenarios,TEST 10,Targets,""
Model,Scenario,Scenarios,TEST 26,Targets,""
Model,MT Schedule,MT Schedule,TEST 26,Regional daily demand,""
Model,Scenario,Scenarios,TEST 13,Targets,""
Model,MT Schedule,MT Schedule,TEST 13,Regional daily demand,""
Model,MT Schedule,MT Schedule,TEST 24,Regional daily demand,""
Model,Scenario,Scenarios,TEST 20,Targets,""
Model,Scenario,Scenarios,TEST,Targets,""
Model,MT Schedule,MT Schedule,TEST 22,Regional daily demand,""
Model,Scenario,Scenarios,TEST 23,Targets,""
Model,MT Schedule,MT Schedule,TEST 23,Regional daily demand,""
Model,MT Schedule,MT Schedule,TEST 28,Regional daily demand,""
Model,Scenario,Scenarios,TEST 25,Targets,""
Model,MT Schedule,MT Schedule,TEST 25,Regional daily demand,""
Model,Scenario,Scenarios,TEST 12,Targets,""
Model,Scenario,Scenarios,TEST 35,Targets,""
Model,MT Schedule,MT Schedule,TEST 35,Regional daily demand,""
Model,Scenario,Scenarios,TEST 07,Targets,""
Model,MT Schedule,MT Schedule,TEST 30,Regional daily demand,""
Model,MT Schedule,MT Schedule,TEST 10,Regional daily demand,""
Model,Scenario,Scenarios,TEST 11,Targets,""
Model,Scenario,Scenarios,TEST 27,Targets,""
Model,Scenario,Scenarios,TEST 02,Targets,""
Model,MT Schedule,MT Schedule,TEST 02,Regional daily demand,""
Model,Scenario,Scenarios,TEST 14,Targets,""
Model,Scenario,Scenarios,TEST 31,Targets,""
Model,MT Schedule,MT Schedule,TEST 31,Regional daily demand,""
Model,MT Schedule,MT Schedule,TEST 05,Regional daily demand,""
Model,Scenario,Scenarios,TEST 06,Targets,""
Model,MT Schedule,MT Schedule,TEST 06,Regional daily demand,""
Model,MT Schedule,MT Schedule,TEST 14,Regional daily demand,""
Model,MT Schedule,MT Schedule,TEST 07,Regional daily demand,""
Model,MT Schedule,MT Schedule,TEST 11,Regional daily demand,""
Model,MT Schedule,MT Schedule,TEST 15,Regional daily demand,""
Model,MT Schedule,MT Schedule,TEST 16,Regional daily demand,""
Model,Scenario,Scenarios,TEST 21,Targets,""
Model,MT Schedule,MT Schedule,TEST 21,Regional daily demand,""
Model,Scenario,Scenarios,TEST 32,Targets,""
Model,Scenario,Scenarios,TEST 24,Targets,""
Model,MT Schedule,MT Schedule,TEST 27,Regional daily demand,""
Model,MT Schedule,MT Schedule,TEST 29,Regional daily demand,""
Model,Scenario,Scenarios,TEST 15,Targets,""
Model,MT Schedule,MT Schedule,TEST 32,Regional daily demand,""
Model,MT Schedule,MT Schedule,TEST 34,Regional daily demand,""
Model,MT Schedule,MT Schedule,TEST 17,Regional daily demand,""
Model,Scenario,Scenarios,TEST 18,Targets,""
Model,MT Schedule,MT Schedule,TEST 18,Regional daily demand,""
Model,Scenario,Scenarios,TEST 30,Targets,""
Model,Scenario,Scenarios,TEST 09,Targets,""
Model,MT Schedule,MT Schedule,TEST 09,Regional daily demand,""
Model,MT Schedule,MT Schedule,TEST 03,Regional daily demand,""
Model,MT Schedule,MT Schedule,TEST 12,Regional daily demand,""
Model,Scenario,Scenarios,TEST 33,Targets,""
Model,MT Schedule,MT Schedule,TEST 33,Regional daily demand,""
Model,Scenario,Scenarios,TEST 34,Targets,""
System,Gas Node,Gas Nodes,System,Gas feedstock node,""
System,Gas Node,Gas Nodes,System,H2 offtake,""
System,Gas Node,Gas Nodes,System,Hydrogen Distribution,""
System,LT Plan,LT Plan,System,Fitted - 1 day 4 blocks,""
System,LT Plan,LT Plan,System,Fitted - full,""
System,LT Plan,LT Plan,System,Fitted - Y6b,""
System,LT Plan,LT Plan,System,Partial - 1 day 1 block,""
System,LT Plan,LT Plan,System,Partial - 1 day 24 blocks,""
System,LT Plan,LT Plan,System,Partial - 1 month 12 blocks,""
System,LT Plan,LT Plan,System,Partial - 28 days per month,""
System,LT Plan,LT Plan,System,Sampled - 1 day per week,""
System,LT Plan,LT Plan,System,Sampled - 2 days per month,""
System,LT Plan,LT Plan,System,Sampled - 20 days per month,""
System,LT Plan,LT Plan,System,Sampled - 3 days per week,""
System,LT Plan,LT Plan,System,Sampled - 7 days per month,""
System,LT Plan,LT Plan,System,Sampled - 7 days per week,""
LT Plan,Variable,Variables,Fitted - 1 day 4 blocks,Gas Demand,""
LT Plan,Variable,Variables,Fitted - Y6b,Gas Demand,""
Model,Diagnostic,Diagnostic,Base Fitted Targets,mip,""
Model,Diagnostic,Diagnostic,TEST,mip,""
Model,Diagnostic,Diagnostic,TEST 18,mip,""
Model,Diagnostic,Diagnostic,TEST 27,mip,""
Model,Diagnostic,Diagnostic,TEST 03,mip,""
Model,Diagnostic,Diagnostic,TEST 04,mip,""
Model,Diagnostic,Diagnostic,TEST 07,mip,""
Model,Diagnostic,Diagnostic,TEST 09,mip,""
Model,Diagnostic,Diagnostic,TEST 25,mip,""
Model,Diagnostic,Diagnostic,TEST 23,mip,""
Model,Diagnostic,Diagnostic,TEST 19,mip,""
Model,Diagnostic,Diagnostic,TEST 32,mip,""
Model,Diagnostic,Diagnostic,TEST 16,mip,""
Model,Diagnostic,Diagnostic,TEST 22,mip,""
Model,Diagnostic,Diagnostic,TEST 35,mip,""
Model,Diagnostic,Diagnostic,TEST 06,mip,""
Model,Diagnostic,Diagnostic,TEST 30,mip,""
Model,Diagnostic,Diagnostic,TEST 10,mip,""
Model,Diagnostic,Diagnostic,TEST 01,mip,""
Model,Diagnostic,Diagnostic,TEST 02,mip,""
Model,Diagnostic,Diagnostic,TEST 12,mip,""
Model,Diagnostic,Diagnostic,TEST 13,mip,""
Model,Diagnostic,Diagnostic,TEST 05,mip,""
Model,Diagnostic,Diagnostic,TEST 34,mip,""
Model,Diagnostic,Diagnostic,TEST 11,mip,""
Model,Diagnostic,Diagnostic,TEST 15,mip,""
Model,Diagnostic,Diagnostic,TEST 20,mip,""
Model,Diagnostic,Diagnostic,TEST 21,mip,""
Model,Diagnostic,Diagnostic,TEST 24,mip,""
Model,Diagnostic,Diagnostic,TEST 31,mip,""
Model,Diagnostic,Diagnostic,TEST 14,mip,""
Model,Diagnostic,Diagnostic,TEST 17,mip,""
Model,Diagnostic,Diagnostic,TEST 28,mip,""
Model,Diagnostic,Diagnostic,TEST 08,mip,""
Model,Diagnostic,Diagnostic,TEST 26,mip,""
Model,Diagnostic,Diagnostic,TEST 29,mip,""
Model,Diagnostic,Diagnostic,TEST 33,mip,""
Model,LT Plan,LT Plan,Base Fitted,Fitted - 1 day 4 blocks,""
Model,LT Plan,LT Plan,Base Fitted Targets,Fitted - 1 day 4 blocks,""
Model,LT Plan,LT Plan,Base Partial,Partial - 1 month 12 blocks,""
Model,LT Plan,LT Plan,Base Sampled,Sampled - 2 days per month,""
Model,LT Plan,LT Plan,TEST 19,Fitted - 1 day 4 blocks,""
Model,LT Plan,LT Plan,TEST 17,Fitted - 1 day 4 blocks,""
Model,LT Plan,LT Plan,TEST 01,Fitted - 1 day 4 blocks,""
Model,LT Plan,LT Plan,TEST 04,Fitted - 1 day 4 blocks,""
Model,LT Plan,LT Plan,TEST 08,Fitted - 1 day 4 blocks,""
Model,LT Plan,LT Plan,TEST,Fitted - 1 day 4 blocks,""
Model,LT Plan,LT Plan,TEST 30,Fitted - 1 day 4 blocks,""
Model,LT Plan,LT Plan,TEST 26,Fitted - 1 day 4 blocks,""
Model,LT Plan,LT Plan,TEST 13,Fitted - 1 day 4 blocks,""
Model,LT Plan,LT Plan,TEST 24,Fitted - 1 day 4 blocks,""
Model,LT Plan,LT Plan,TEST 20,Fitted - 1 day 4 blocks,""
Model,LT Plan,LT Plan,TEST 22,Fitted - 1 day 4 blocks,""
Model,LT Plan,LT Plan,TEST 23,Fitted - 1 day 4 blocks,""
Model,LT Plan,LT Plan,TEST 28,Fitted - 1 day 4 blocks,""
Model,LT Plan,LT Plan,TEST 25,Fitted - 1 day 4 blocks,""
Model,LT Plan,LT Plan,TEST 35,Fitted - 1 day 4 blocks,""
Model,LT Plan,LT Plan,TEST 10,Fitted - 1 day 4 blocks,""
Model,LT Plan,LT Plan,TEST 02,Fitted - 1 day 4 blocks,""
Model,LT Plan,LT Plan,TEST 14,Fitted - 1 day 4 blocks,""
Model,LT Plan,LT Plan,TEST 31,Fitted - 1 day 4 blocks,""
Model,LT Plan,LT Plan,TEST 05,Fitted - 1 day 4 blocks,""
Model,LT Plan,LT Plan,TEST 06,Fitted - 1 day 4 blocks,""
Model,LT Plan,LT Plan,TEST 07,Fitted - 1 day 4 blocks,""
Model,LT Plan,LT Plan,TEST 11,Fitted - 1 day 4 blocks,""
Model,LT Plan,LT Plan,TEST 16,Fitted - 1 day 4 blocks,""
Model,LT Plan,LT Plan,TEST 21,Fitted - 1 day 4 blocks,""
Model,LT Plan,LT Plan,TEST 32,Fitted - 1 day 4 blocks,""
Model,LT Plan,LT Plan,TEST 27,Fitted - 1 day 4 blocks,""
Model,LT Plan,LT Plan,TEST 29,Fitted - 1 day 4 blocks,""
Model,LT Plan,LT Plan,TEST 15,Fitted - 1 day 4 blocks,""
Model,LT Plan,LT Plan,TEST 34,Fitted - 1 day 4 blocks,""
Model,LT Plan,LT Plan,TEST 18,Fitted - 1 day 4 blocks,""
Model,LT Plan,LT Plan,TEST 09,Fitted - 1 day 4 blocks,""
Model,LT Plan,LT Plan,TEST 03,Fitted - 1 day 4 blocks,""
Model,LT Plan,LT Plan,TEST 12,Fitted - 1 day 4 blocks,""
Model,LT Plan,LT Plan,TEST 33,Fitted - 1 day 4 blocks,""
